Impact Kind,Total Impacted,Total Possible,Percent Impacted
Population_Impacts,12633,29212483,0.04324521130230525
Cropland_Impacts,534.72,219809.76,0.24326490325088387
Road_Impacts,194623,164479248,0.1183267812605758
Hospital_Impacts,0,334,0
Market_Impacts,1,248,0.4032258064516129
School_Impacts,5,248,2.0161290322580645
