Impact Kind,Total Impacted,Total Possible,Percent Impacted
Population_Impacts,10023,29212483,0.03431067465233955
Cropland_Impacts,668.7799999999999,219809.76,0.30425400582758466
Road_Impacts,169673,164479248,0.10315769439801913
Hospital_Impacts,0,334,0
Market_Impacts,1,248,0.4032258064516129
School_Impacts,0,248,0
