Impact Kind,Total Impacted,Total Possible,Percent Impacted
Population_Impacts,8056,29212483,0.027577251820737045
Cropland_Impacts,640.5600000000001,219809.76,0.29141563140781374
Road_Impacts,134982,164479248,0.08206627987501498
Hospital_Impacts,0,334,0
Market_Impacts,0,248,0
School_Impacts,4,248,1.6129032258064515
