Impact Kind,Total Impacted,Total Possible,Percent Impacted
Population_Impacts,6922,29212483,0.023695349690062293
Cropland_Impacts,706.6600000000002,219809.76,0.32148708956326605
Road_Impacts,151352,164479248,0.0920189031992656
Hospital_Impacts,0,334,0
Market_Impacts,0,248,0
School_Impacts,1,248,0.4032258064516129
