Impact Kind,Total Impacted,Total Possible,Percent Impacted
Population_Impacts,10385,29212483,0.03554987092333096
Cropland_Impacts,373.6199999999999,219809.76,0.16997425410045483
Road_Impacts,156918,164479248,0.09540291672539748
Hospital_Impacts,0,334,0
Market_Impacts,1,248,0.4032258064516129
School_Impacts,5,248,2.0161290322580645
