Impact Kind,Total Impacted,Total Possible,Percent Impacted
Population_Impacts,1604,29212483,0.005490803366492332
Cropland_Impacts,701.7899999999998,219809.76,0.3192715373512076
Road_Impacts,128683,164479248,0.07823661742422364
Hospital_Impacts,0,334,0
Market_Impacts,0,248,0
School_Impacts,0,248,0
