Impact Kind,Total Impacted,Total Possible,Percent Impacted
Population_Impacts,1113,29212483,0.0038100150541807765
Cropland_Impacts,118.43000000000009,219809.76,0.05387840831089579
Road_Impacts,24336,164479248,0.014795787490468098
Hospital_Impacts,0,334,0
Market_Impacts,0,248,0
School_Impacts,0,248,0
