Impact Kind,Total Impacted,Total Possible,Percent Impacted
Population_Impacts,447,29212483,0.00153016777108608
Cropland_Impacts,17.54999999999999,219809.76,0.007984176862756225
Road_Impacts,15126,164479248,0.009196296909139565
Hospital_Impacts,0,334,0
Market_Impacts,0,248,0
School_Impacts,2,248,0.8064516129032258
