Impact Kind,Total Impacted,Total Possible,Percent Impacted
Population_Impacts,90327,29212483,0.30920685516530727
Cropland_Impacts,874.6499999999995,219809.76,0.39791226740796204
Road_Impacts,480431,164479248,0.29209216715290426
Hospital_Impacts,0,334,0
Market_Impacts,2,248,0.8064516129032258
School_Impacts,14,248,5.64516129032258
