Impact Kind,Total Impacted,Total Possible,Percent Impacted
Population_Impacts,3594,29212483,0.012302959662826334
Cropland_Impacts,42.51999999999997,219809.76,0.01934400001164642
Road_Impacts,17880,164479248,0.010870672268637804
Hospital_Impacts,0,334,0
Market_Impacts,0,248,0
School_Impacts,0,248,0
