Impact Kind,Total Impacted,Total Possible,Percent Impacted
Population_Impacts,6339,29212483,0.021699627518824743
Cropland_Impacts,583.62,219809.76,0.2655114131419824
Road_Impacts,125166,164479248,0.07609835375706483
Hospital_Impacts,0,334,0
Market_Impacts,0,248,0
School_Impacts,1,248,0.4032258064516129
